nba,2630
game,1516
team,1511
lebron,1073
season,913
player,912
i,910
players,830
vs,767
best,719
finals,713
warriors,705
league,689
kevin,576
durant,541
james,509
free,481
sources,468
basketball,466
2016,463
twitter,459
curry,442
top,435
last,419
play,413
highlights,411
teams,409
deal,401
next,392
more,382
usa,380
cavs,380
win,370
kobe,367
draft,360
&,351
had,350
ever,339
lakers,317
been,316
games,306
years,296
wade,293
points,291
does,291
jordan,285
summer,285
trade,278
full,273
says,267
going,266
did,259
draymond,255
westbrook,246
better,246
agent,240
were,236
career,235
pick,231
history,231
steph,231
off,228
10,227
knicks,225
kd,224
still,222
simmons,218
said,218
mvp,217
coach,215
paul,210
love,207
duncan,206
green,205
bulls,205
pts,204
heat,203
cleveland,202
playoffs,201
spurs,200
should,198
russell,198
celtics,198
thread,197
tim,197
i'm,195
down,195
kyrie,192
big,191
series,190
source,189
guard,188
|,187
favorite,185
point,185
made,184
million,183
today,180
shot,179
olympic,176
ben,175
michael,174
told,173
great,173
championship,173
chris,172
state,172
shaq,171
olympics,171
greatest,171
golden,170
being,170
video,169
thunder,166
much,164
cavaliers,163
playing,163
dunk,163
sign,162
okc,161
rose,161
every,160
contract,159
what's,158
fans,157
dwyane,155
miami,154
klay,153
tell,152
magic,152
per,151
starting,151
never,150
each,148
stephen,146
star,146
don't,144
rockets,144
three,143
allen,143
it's,142
playoff,141
shooting,139
plays,139
espn,139
got,138
since,137
clippers,136
harden,135
smith,135
current,135
derrick,135
pass,133
dwight,133
played,132
part,132
anyone,131
[stein],130
he's,130
agency,130
rookie,129
won,129
30,129
thompson,129
offer,128
raptors,128
many,127
[oc],127
young,127
johnson,126
fan,126
anthony,126
kings,126
nets,125
mike,125
,125
thread],125
question,122
looking,121
lebron's,121
interview,121
barnes,119
steve,119
vertical,119
end,119
ball,118
guys,118
really,117
getting,117
bucks,117
[wojnarowski],116
watch,115
same,115
help,114
post,114
here,114
dirk,114
gets,114
conference,112
irving,112
worst,112
meeting,112
court,112
man,112
future,111
high,111
bill,110
@thevertical,110
wins,109
bryant,108
2015-16,108
jr,108
all-time,108
didn't,107
night,106
forward,106
beat,105
r/nba,105
sixers,105
prime,105
another,104
brandon,104
camp,104
cap,103
old,103
minutes,103
suns,103
past,102
stats,101
